Title,Company,Location,Experience,Salary,Posted Time
Junior Software Developer,Ourlib,Pune,1 year(s),"₹ 2,00,000 - 2,50,000",2 weeks ago
Junior Full Stack Developer,BXP Support And Solutions Private Limited,Bangalore,1 year(s),"₹ 5,00,000 - 13,00,000",2 weeks ago
Associate Software Engineer,CloudVandana Solutions,Work from home,0 year(s),"₹ 2,00,000",2 weeks ago
Software Developer,TECNVIRONS PRIVATE LIMITED,Pune,0 year(s),"₹ 3,00,000 - 9,00,000",2 weeks ago
Java Software Engineer,Chiselon Technologies Pvt Ltd,Hyderabad,4 year(s),Competitive salary,2 weeks ago
Software Developer,WorldRef Technologies Private Limited,Delhi,1 year(s),"₹ 4,50,000 - 5,00,000",2 weeks ago
Java Developer,Pixlia,Work from home,0 year(s),"₹ 4,00,000 - 6,00,000",2 weeks ago
Senior Software Developer,Buddha Education Association Incorporation,"Pune, Mumbai",0 year(s),"₹ 4,00,000 - 5,00,000",2 weeks ago
Mobile App Developer,Buddha Education Association Incorporation,"Delhi, Pune, Mumbai",0 year(s),"₹ 6,00,000 - 10,00,000",2 weeks ago
Android App Developer,StarShield Technologies Private Limited,Ghaziabad (Hybrid),1 year(s),"₹ 2,00,000 - 2,50,000",2 weeks ago
Course Mentoring,GeeksforGeeks,"Pune, Bangalore, Hyderabad",1 year(s),"₹ 2,50,000 - 5,00,000",2 weeks ago
Computer Science Teacher,K12 Techno Service Private Limited (Orchids International School),Kolkata,0 year(s),"₹ 3,00,000 - 3,60,000",3 weeks ago
Computer Science/Robotics Teacher,K12 Techno Service Private Limited (Orchids International School),Pune,0 year(s),"₹ 3,00,000 - 3,60,000",3 weeks ago
Data Engineer,Indika AI Private Limited,Delhi,1 year(s),"₹ 4,00,000 - 5,00,000",3 weeks ago
Trainee-Product Engineering - Android,Protectt.ai Labs Private Limited,Chennai,0 year(s),"₹ 3,00,000 - 5,00,000",3 weeks ago
Trainee-Product Engineering - Android,Protectt.ai Labs Private Limited,Mumbai,0 year(s),"₹ 3,00,000 - 5,00,000",3 weeks ago
Programmer,Lendinghelio,Work from home,0 year(s),"₹ 2,00,000 - 2,09,000",3 weeks ago
Junior Robotics Associate,Shaping Ideas,Siliguri,0 year(s),"₹ 4,00,000 - 6,00,000",3 weeks ago
Associate Java Developer,Sharedpro,Vadodara,1 year(s),"₹ 3,60,000 - 5,40,000",3 weeks ago
Backend Developer,Waldo,Work from home,1 year(s),"$ 9,600",3 weeks ago
Freelance Java & DSA Trainer,Lernentek LLP,Chandigarh,1 year(s),"₹ 7,20,000",3 weeks ago
Associate Software Developer,Nuchange Informatics LLP,"Thiruvananthapuram, Thrissur, Bangalore, Kochi, Tamil Nadu, Karnataka",0 year(s),"₹ 3,00,000 - 4,00,000",3 weeks ago
Software Trainee,NeoQuant Solutions Pvt Ltd,Mumbai,0 year(s),"₹ 2,00,000 - 2,40,000",3 weeks ago
Senior Java Developer,Finhaat Insurance Broking Private Limited,Mumbai,1 year(s),"₹ 5,00,000 - 15,00,000",3 weeks ago
Web Developer,Creatous Collective Private Limited,Work from home,0 year(s),"₹ 2,00,000 - 3,00,000",3 weeks ago
Backend Java Developer,Corizo EduTech,"Chennai, Delhi, Kolkata, Pune, Bangalore, Mumbai, Hyderabad, Punjab",1 year(s),"₹ 5,00,000 - 25,00,000",3 weeks ago
Flutter Developer,Enbraun Technologies Private Limited,Jaipur,1 year(s),"₹ 3,00,000 - 7,00,000",3 weeks ago
Software Developer,Goka Mart,Chennai,0 year(s),"₹ 2,00,000 - 6,00,000",3 weeks ago
Facilitator (Coding),ChildFund India,Delhi,1 year(s),"₹ 3,00,000 - 3,60,000",3 weeks ago
AI/ML Engineer,Velozity Global Solutions,Chennai,1 year(s),"₹ 5,00,000 - 12,00,000",3 weeks ago
Technical Associate,BCloud Global Services,Gurgaon,0 year(s),"₹ 3,50,000",3 weeks ago
Software Developer (Integrations & APIs),Swamy Fleet,Work from home,0 year(s),"₹ 3,00,000 - 6,00,000",3 weeks ago
Software Tester,CloudNow Technologies,Chennai,1 year(s),"₹ 3,00,000 - 5,00,000",3 weeks ago
Senior Backend Developer,OCPL Tech (Opulentia Cresco Private Limited),Work from home,1 year(s),"₹ 4,00,000 - 5,00,000",3 weeks ago
Associate Java Developer,Krenai,Delhi,1 year(s),"₹ 2,50,000 - 3,00,000",3 weeks ago
Senior Java Javaee Developer,I-Gizmo Global Technologies,Chennai,7 year(s),Competitive salary,3 weeks ago
